{
    "means": [
        44.74614065180103,
        0.7564322469982847,
        3.298799313893653,
        1.486106346483705,
        290.57632933104634,
        80.71355060034305,
        109.91080617495712,
        6.483190394511149,
        3.141852487135506,
        0.9470639032815198
    ],
    "std_devs": [
        16.175942411270466,
        0.429234787382629,
        6.204193950230359,
        2.806087923849646,
        242.72954813780882,
        182.46366758318712,
        288.67063666027326,
        1.0845201655473806,
        0.7948362500202801,
        0.3182186930338783
    ]
}